{
  "max_abs_diff_Vq_vs_V": 4.899772282387445,
  "final_q_delta": 4.360732062025363e-05
}